group	chromosome	positive_original	positive_in_reference	excluded_outside_reference	reference_C_sites	rate_per_10000_C	normalized_percent	enrichment_vs_group_overall
PUF10	chr1	469	446	23	129467	34.448932932716446	5.166157311262194	1.1482237630123964
PUF10	chr2	188	186	2	56569	32.8801994024996	4.930901136205022	1.0959360152105295
PUF10	chr3	131	130	1	52427	24.79638354283098	3.7186062738970427	0.8264928517889778
PUF10	chr4	77	75	2	25036	29.95686211854929	4.492500901507988	0.9984977188404254
PUF10	chr5	168	163	5	48067	33.910999230241124	5.085485723104584	1.1302937951578391
PUF10	chr6	159	156	3	53339	29.24689251767	4.3860298345660835	0.9748335905976657
PUF10	chr7	110	105	5	35601	29.493553551866523	4.42302052184533	0.9830550952064393
PUF10	chr8	60	59	1	20002	29.497050294970503	4.4235449132680635	0.983171645798383
PUF10	chr9	56	55	1	24386	22.553924382842613	3.3823143833119933	0.7517490302571906
PUF10	chr10	126	125	1	34996	35.7183678134644	5.3565289637936715	1.1905355321031397
PUF10	chr11	135	131	4	49826	26.291494400513788	3.9428215755335696	0.8763266686587845
PUF10	chr12	151	146	5	55374	26.36616462599776	3.95401954593431	0.8788155157722103
PUF10	chr13	26	26	0	12275	21.18126272912424	3.1764622586004116	0.7059965904805009
PUF10	chr14	107	106	1	32189	32.93050420951256	4.938445130297648	1.0976127340487836
PUF10	chr15	95	94	1	24624	38.174139051332034	5.724810343076931	1.2723892980049574
PUF10	chr16	94	90	4	35242	25.53771068611316	3.8297798956978837	0.8512021640845203
PUF10	chr17	190	184	6	59508	30.920212408415676	4.6369703732626055	1.0306073257501638
PUF10	chr18	34	33	1	13976	23.611906124785346	3.540975324189164	0.7870128156204286
PUF10	chr19	121	115	6	39437	29.16043309582372	4.3730638894330065	0.9719517955971033
PUF10	chr20	52	51	1	23739	21.483634525464424	3.221807647655955	0.7160750008190928
PUF10	chr21	22	21	1	8270	25.39298669891173	3.808076265978612	0.8463783420663711
PUF10	chr22	66	66	0	19786	33.35691903366016	5.002392715138761	1.1118256455181554
PUF10	chrX	137	137	0	45806	29.908745579181765	4.485285072439156	0.9968939375562962
PUF10	chrY	0	0	0	0	NA	NA	NA
PUF12	chr1	1889	1889	0	129467	145.9059065244425	4.429445126037192	1.0176459221066407
PUF12	chr2	924	922	2	56569	162.9867948876593	4.947990670292875	1.1367795254188164
PUF12	chr3	780	780	0	52427	148.7783012569859	4.516645947108734	1.037679934819921
PUF12	chr4	434	434	0	25036	173.35037545933855	5.262610636989208	1.2090621064219798
PUF12	chr5	792	792	0	48067	164.77000852976053	5.0021258808805635	1.1492168566712373
PUF12	chr6	898	898	0	53339	168.35711205684396	5.111023996200993	1.1742357291998782
PUF12	chr7	523	523	0	35601	146.9059857869161	4.459805762699096	1.0246211474932096
PUF12	chr8	267	267	0	20002	133.4866513348665	4.05241851567674	0.9310256837603847
PUF12	chr9	344	344	0	24386	141.06454523087018	4.282469964468892	0.9838790123549543
PUF12	chr10	562	562	0	34996	160.58978168933592	4.875221591361984	1.1200611432462555
PUF12	chr11	599	599	0	49826	120.21835989242564	3.6496166671394064	0.8384836955615695
PUF12	chr12	680	680	0	55374	122.80131469642794	3.728030604175229	0.8564989595484209
PUF12	chr13	173	173	0	12275	140.93686354378818	4.278593774395429	0.9829884743960616
PUF12	chr14	511	511	0	32189	158.74988350057473	4.819365538247043	1.1072284558418524
PUF12	chr15	429	429	0	24624	174.2202729044834	5.289019184047607	1.2151293562598358
PUF12	chr16	380	380	0	35242	107.8258895635889	3.273403197752334	0.7520502728484486
PUF12	chr17	776	773	3	59508	129.89850104187673	3.9434886223957566	0.9059995103823035
PUF12	chr18	189	189	0	13976	135.23182598740698	4.105398929855407	0.9431977055162288
PUF12	chr19	562	562	0	39437	142.5057686943733	4.326222958422395	0.9939310740940223
PUF12	chr20	260	260	0	23739	109.52441130628922	3.3249673121455494	0.7638969058343373
PUF12	chr21	133	133	0	8270	160.82224909310762	4.882278890364657	1.1216825272676854
PUF12	chr22	243	243	0	19786	122.81411098756696	3.72841907692981	0.8565882094890567
PUF12	chrX	560	560	0	45806	122.25472645504956	3.7114371524131027	0.8526866855414261
PUF12	chrY	0	0	0	0	NA	NA	NA
132D	chr1	31	31	0	129467	2.3944325581036097	5.021365054748766	1.0994134822473869
132D	chr2	16	16	0	56569	2.8284042496773854	5.9314471865022025	1.2986733557465129
132D	chr3	11	11	0	52427	2.098155530547237	4.400042433795652	0.9633766757508885
132D	chr4	8	8	0	25036	3.1953986259785907	6.701071175372324	1.4671803215614412
132D	chr5	10	10	0	48067	2.0804294006282897	4.362868962766075	0.9552376508470531
132D	chr6	7	7	0	53339	1.3123605616903202	2.7521516283262497	0.6025757084738317
132D	chr7	9	9	0	35601	2.528018875874273	5.301508951713413	1.1607501853020636
132D	chr8	4	4	0	20002	1.9998000199980004	4.193781070558483	0.918216341631143
132D	chr9	5	5	0	24386	2.0503567620766012	4.299803625713051	0.9414296761105819
132D	chr10	6	6	0	34996	1.714481655046291	3.5954398634119937	0.7872112497988107
132D	chr11	10	10	0	49826	2.0069843053827316	4.208847237050474	0.9215150355891563
132D	chr12	16	15	1	55374	2.7088525300682633	5.680735248490544	1.243780695721782
132D	chr13	1	1	0	12275	0.8146639511201629	1.7084319546499136	0.37405627831580696
132D	chr14	7	7	0	32189	2.174655938364037	4.560471456189812	0.9985021502465349
132D	chr15	4	4	0	24624	1.6244314489928524	3.406595556096116	0.745864330137513
132D	chr16	9	9	0	35242	2.553771068611316	5.355513880879326	1.1725744097082678
132D	chr17	7	7	0	59508	1.1763124285810311	2.466845057862705	0.5401086528581991
132D	chr18	4	4	0	13976	2.8620492272467084	6.0020040765105005	1.3141215845239067
132D	chr19	9	9	0	39437	2.2821208509775084	4.785836148539422	1.0478451035053065
132D	chr20	2	2	0	23739	0.8424954715868402	1.7667974424641049	0.38683523453612456
132D	chr21	1	1	0	8270	1.2091898428053205	2.5357922906079433	0.555204451792809
132D	chr22	3	3	0	19786	1.5162235924390983	3.1796728358426702	0.6961802511361362
132D	chrX	17	17	0	45806	3.7113041959568616	7.782976861908282	1.7040604697539845
132D	chrY	0	0	0	0	NA	NA	NA
E72A	chr1	0	0	0	129467	0.0	NA	NA
E72A	chr2	0	0	0	56569	0.0	NA	NA
E72A	chr3	0	0	0	52427	0.0	NA	NA
E72A	chr4	0	0	0	25036	0.0	NA	NA
E72A	chr5	0	0	0	48067	0.0	NA	NA
E72A	chr6	0	0	0	53339	0.0	NA	NA
E72A	chr7	0	0	0	35601	0.0	NA	NA
E72A	chr8	0	0	0	20002	0.0	NA	NA
E72A	chr9	0	0	0	24386	0.0	NA	NA
E72A	chr10	0	0	0	34996	0.0	NA	NA
E72A	chr11	0	0	0	49826	0.0	NA	NA
E72A	chr12	0	0	0	55374	0.0	NA	NA
E72A	chr13	0	0	0	12275	0.0	NA	NA
E72A	chr14	0	0	0	32189	0.0	NA	NA
E72A	chr15	0	0	0	24624	0.0	NA	NA
E72A	chr16	0	0	0	35242	0.0	NA	NA
E72A	chr17	0	0	0	59508	0.0	NA	NA
E72A	chr18	0	0	0	13976	0.0	NA	NA
E72A	chr19	0	0	0	39437	0.0	NA	NA
E72A	chr20	0	0	0	23739	0.0	NA	NA
E72A	chr21	0	0	0	8270	0.0	NA	NA
E72A	chr22	0	0	0	19786	0.0	NA	NA
E72A	chrX	0	0	0	45806	0.0	NA	NA
E72A	chrY	0	0	0	0	NA	NA	NA
GVE	chr1	65	65	0	129467	5.020584396023697	5.371553960694357	1.2016581815229674
GVE	chr2	32	32	0	56569	5.656808499354771	6.0522540211980544	1.3539360517357264
GVE	chr3	19	19	0	52427	3.6240868254906826	3.877432666361025	0.8674116877408872
GVE	chr4	4	4	0	25036	1.5976993129892954	1.7093882695176579	0.38240338168356713
GVE	chr5	18	16	2	48067	3.3286870410052636	3.5613826297163613	0.7967088492171167
GVE	chr6	22	20	2	53339	3.7496016048294867	4.011721696661363	0.8974531828333665
GVE	chr7	14	14	0	35601	3.9324738069155356	4.207377784465445	0.9412229634955269
GVE	chr8	7	7	0	20002	3.4996500349965003	3.7442969829205652	0.8376282052645799
GVE	chr9	15	15	0	24386	6.151070286229804	6.581067730815441	1.4722357700878252
GVE	chr10	17	17	0	34996	4.857698022631158	5.197280833280586	1.1626719345432792
GVE	chr11	20	20	0	49826	4.013968610765463	4.294569573680818	0.9607284413589077
GVE	chr12	35	34	1	55374	6.1400657348213965	6.569293893938939	1.4696018716826162
GVE	chr13	5	5	0	12275	4.0733197556008145	4.358069726644001	0.9749339168869438
GVE	chr14	17	17	0	32189	5.281307278884091	5.650502968140898	1.2640612327589114
GVE	chr15	11	11	0	24624	4.467186484730344	4.779470149773442	1.0692044519790413
GVE	chr16	10	10	0	35242	2.8375234095681288	3.0358836555561606	0.6791506628333939
GVE	chr17	17	17	0	59508	2.856758755125361	3.056463669447593	0.6837545711715499
GVE	chr18	5	5	0	13976	3.5775615340583857	3.8276549724209437	0.856276032469035
GVE	chr19	14	14	0	39437	3.5499657681872354	3.7981300936875093	0.8496710886579673
GVE	chr20	9	9	0	23739	3.7912296221407806	4.056259767058393	0.9074166937788879
GVE	chr21	3	2	1	8270	2.418379685610641	2.587439221018385	0.5788301731456945
GVE	chr22	15	14	1	19786	7.075710098049126	7.570345522326611	1.6935448662389698
GVE	chrX	9	9	0	45806	1.9648081037418679	2.1021602106754402	0.4702695038557617
GVE	chrY	0	0	0	0	NA	NA	NA
SNE	chr1	602	587	15	129467	45.33973908409093	4.1061485525644805	0.9511220389467357
SNE	chr2	346	340	6	56569	60.10359030564443	5.443222112057699	1.2608332230033161
SNE	chr3	265	257	8	52427	49.02054285005818	4.439496899097061	1.0283367219945703
SNE	chr4	131	129	2	25036	51.52580284390478	4.666383288505959	1.0808912368985863
SNE	chr5	285	278	7	48067	57.835937337466454	5.237854367533783	1.2132631496352968
SNE	chr6	284	282	2	53339	52.86938262809577	4.788063260591342	1.1090764088833045
SNE	chr7	190	183	7	35601	51.403050476110224	4.6552663419260805	1.0783161783583122
SNE	chr8	118	113	5	20002	56.4943505649435	5.116354890575662	1.1851197863896594
SNE	chr9	122	122	0	24386	50.02870499466908	4.5308001049484785	1.0494856137601978
SNE	chr10	189	185	4	34996	52.86318436392731	4.787501920937479	1.1089463837492186
SNE	chr11	226	220	6	49826	44.1536547184201	3.9987319970283783	0.9262407537203828
SNE	chr12	250	246	4	55374	44.42518149311951	4.023322550380409	0.9319367525240317
SNE	chr13	61	60	1	12275	48.87983706720978	4.426754019269084	1.0253850426559186
SNE	chr14	192	190	2	32189	59.02637546988101	5.345665217641803	1.238235766739293
SNE	chr15	149	145	4	24624	58.8856400259909	5.332919651590968	1.235283465181126
SNE	chr16	123	119	4	35242	33.76652857386073	3.0580322081592195	0.7083430596227828
SNE	chr17	244	237	7	59508	39.82657793910062	3.6068545752971968	0.8354687693163193
SNE	chr18	56	51	5	13976	36.49112764739554	3.30478282402324	0.7654987971387515
SNE	chr19	155	154	1	39437	39.049623450059585	3.5364904617175545	0.8191700752189633
SNE	chr20	83	82	1	23739	34.542314335060446	3.128290477059758	0.724617236534335
SNE	chr21	49	46	3	8270	55.62273276904474	5.037417688392358	1.1668352767748174
SNE	chr22	87	85	2	19786	42.959668452441115	3.890599813719195	0.901193705044913
SNE	chrX	182	179	3	45806	39.07785006331048	3.539046776982823	0.8197622037686658
SNE	chrY	0	0	0	0	NA	NA	NA
